Workbook

Sheet Launch Catalog
A1: CRIT GOODS — LAUNCH CATALOG v1.0
A2: 30 SKUs across 11 games. Printed on demand. Nothing sells out.
A4: SKU | B4: Game | C4: Era | D4: Category | E4: Title | F4: Design concept | G4: Retail ($) | H4: COGS ($) | I4: Margin ($) | J4: Margin (%) | K4: Ship (days) | L4: Tier
A5: CG-HD2-001 | B5: Hades II | C5: 2024– | D5: Tee | E5: Melinoë's List | F5: Hand-set typography tee listing Mel's daily to-dos (kill Chronos, etc). | G5: 42 | H5: 16 | I5: =G5-H5 -> 26 | J5: =(G5-H5)/G5 -> 0.61904762 | K5: 4 | L5: Core
A6: CG-HD2-002 | B6: Hades II | C6: 2024– | D6: Poster | E6: Underworld Atlas | F6: 18×24 map of all regions and bosses, hand-drawn plate. | G6: 38 | H6: 11 | I6: =G6-H6 -> 27 | J6: =(G6-H6)/G6 -> 0.71052632 | K6: 5 | L6: Collector
A7: CG-HD2-003 | B7: Hades II | C7: 2024– | D7: Pin | E7: Witch's Staff | F7: Cloisonné enamel pin of Mel's staff with a pearl jewel. | G7: 18 | H7: 4 | I7: =G7-H7 -> 14 | J7: =(G7-H7)/G7 -> 0.77777778 | K7: 3 | L7: Core
A8: CG-HD2-004 | B8: Hades II | C8: 2024– | D8: Hoodie | E8: Moonstone Heavy | F8: Heavyweight midnight-navy hoodie, silver moonstone chest mark. | G8: 78 | H8: 28 | I8: =G8-H8 -> 50 | J8: =(G8-H8)/G8 -> 0.64102564 | K8: 5 | L8: Core
A9: CG-ERN-001 | B9: Elden Ring / SOTE | C9: 2022–2024 | D9: Tee | E9: Tarnished | F9: Minimalist type tee — just "TARNISHED" in illuminated-manuscript cap. | G9: 44 | H9: 16 | I9: =G9-H9 -> 28 | J9: =(G9-H9)/G9 -> 0.63636364 | K9: 4 | L9: Core
A10: CG-ERN-002 | B10: Elden Ring / SOTE | C10: 2022–2024 | D10: Poster | E10: Lands Between Cartography | F10: 18×24 hand-drawn world map in a medieval style, Gold XP ink accents. | G10: 42 | H10: 12 | I10: =G10-H10 -> 30 | J10: =(G10-H10)/G10 -> 0.71428571 | K10: 5 | L10: Collector
A11: CG-ERN-003 | B11: Elden Ring / SOTE | C11: 2022–2024 | D11: Pin | E11: Site of Grace | F11: Golden enamel pin of the Site of Grace wisp. | G11: 20 | H11: 4 | I11: =G11-H11 -> 16 | J11: =(G11-H11)/G11 -> 0.8 | K11: 3 | L11: Core
A12: CG-ERN-004 | B12: Elden Ring / SOTE | C12: 2022–2024 | D12: Hoodie | E12: Malenia, Blade Of… | F12: Heavyweight sand-colored hoodie with embroidered prosthetic arm graphic. | G12: 82 | H12: 30 | I12: =G12-H12 -> 52 | J12: =(G12-H12)/G12 -> 0.63414634 | K12: 5 | L12: Collector
A13: CG-ERN-005 | B13: Elden Ring / SOTE | C13: 2022–2024 | D13: Tote | E13: Maidenless | F13: 12oz natural canvas tote, one-word print in black blackletter. | G13: 28 | H13: 9 | I13: =G13-H13 -> 19 | J13: =(G13-H13)/G13 -> 0.67857143 | K13: 4 | L13: Core
A14: CG-BG3-001 | B14: Baldur's Gate 3 | C14: 2023– | D14: Tee | E14: Company of the Dead Three | F14: Type-forward tee listing every party companion as a D&D stat block. | G14: 44 | H14: 16 | I14: =G14-H14 -> 28 | J14: =(G14-H14)/G14 -> 0.63636364 | K14: 4 | L14: Core
A15: CG-BG3-002 | B15: Baldur's Gate 3 | C15: 2023– | D15: Poster | E15: Character Sheet Study | F15: 18×24 printed like a hand-inked character sheet — Astarion, Shadowheart, Karlach. | G15: 40 | H15: 12 | I15: =G15-H15 -> 28 | J15: =(G15-H15)/G15 -> 0.7 | K15: 5 | L15: Collector
A16: CG-BG3-003 | B16: Baldur's Gate 3 | C16: 2023– | D16: Mug | E16: Bhaalspawn Coffee | F16: Dishwasher-safe ceramic mug, "blood before breakfast" gag. | G16: 24 | H16: 7 | I16: =G16-H16 -> 17 | J16: =(G16-H16)/G16 -> 0.70833333 | K16: 3 | L16: Core
... A34: CG-MHW-001 | B34: Monster Hunter Wilds | C34: 2025– | D34: Tee | E34: Hunter's Field Journal | F34: Tee printed like a hunter's field journal page — monster silhouettes + notes. | G34: 44 | H34: 16 | I34: =G34-H34 -> 28 | J34: =(G34-H34)/G34 -> 0.63636364 | K34: 4 | L34: Core
A36: TOTALS | B36: =COUNTA(B5:B34)&" SKUs" -> 30 SKUs | G36: =AVERAGE(G5:G34) -> 41.8 | H36: =AVERAGE(H5:H34) -> 13.866667 | I36: =AVERAGE(I5:I34) -> 27.933333 | J36: =AVERAGE(J5:J34) -> 0.68018478
A37: Averages across all SKUs. "Margin" shown is pre-marketing contribution margin.

Sheet Summary
A1: CRIT GOODS — LAUNCH SUMMARY
A3: SKUs by Category
A4: Category | B4: SKU count | C4: Avg retail | D4: Avg margin %
A5: Tee | B5: =COUNTIF('Launch Catalog'!D5:D34, A5) -> 12 | C5: =IFERROR(AVERAGEIF('Launch Catalog'!D5:D34, A5, 'Launch Catalog'!G5:G34), 0) -> 43.5 | D5: =IFERROR(AVERAGEIF('Launch Catalog'!D5:D34, A5, 'Launch Catalog'!J5:J34), 0) -> 0.63600289
A6: Hoodie | B6: =COUNTIF('Launch Catalog'!D5:D34, A6) -> 3 | C6: =IFERROR(AVERAGEIF('Launch Catalog'!D5:D34, A6, 'Launch Catalog'!G5:G34), 0) -> 79.333333 | D6: =IFERROR(AVERAGEIF('Launch Catalog'!D5:D34, A6, 'Launch Catalog'!J5:J34), 0) -> 0.63873254
A7: Poster | B7: =COUNTIF('Launch Catalog'!D5:D34, A7) -> 8 | C7: =IFERROR(AVERAGEIF('Launch Catalog'!D5:D34, A7, 'Launch Catalog'!G5:G34), 0) -> 40.5 | D7: =IFERROR(AVERAGEIF('Launch Catalog'!D5:D34, A7, 'Launch Catalog'!J5:J34), 0) -> 0.70659121
A8: Pin | B8: =COUNTIF('Launch Catalog'!D5:D34, A8) -> 4 | C8: =IFERROR(AVERAGEIF('Launch Catalog'!D5:D34, A8, 'Launch Catalog'!G5:G34), 0) -> 20.5 | D8: =IFERROR(AVERAGEIF('Launch Catalog'!D5:D34, A8, 'Launch Catalog'!J5:J34), 0) -> 0.78080808
A9: Hat | B9: =COUNTIF('Launch Catalog'!D5:D34, A9) -> 1 | C9: =IFERROR(AVERAGEIF('Launch Catalog'!D5:D34, A9, 'Launch Catalog'!G5:G34), 0) -> 36 | D9: =IFERROR(AVERAGEIF('Launch Catalog'!D5:D34, A9, 'Launch Catalog'!J5:J34), 0) -> 0.69444444
A10: Tote | B10: =COUNTIF('Launch Catalog'!D5:D34, A10) -> 1 | C10: =IFERROR(AVERAGEIF('Launch Catalog'!D5:D34, A10, 'Launch Catalog'!G5:G34), 0) -> 28 | D10: =IFERROR(AVERAGEIF('Launch Catalog'!D5:D34, A10, 'Launch Catalog'!J5:J34), 0) -> 0.67857143
A11: Mug | B11: =COUNTIF('Launch Catalog'!D5:D34, A11) -> 1 | C11: =IFERROR(AVERAGEIF('Launch Catalog'!D5:D34, A11, 'Launch Catalog'!G5:G34), 0) -> 24 | D11: =IFERROR(AVERAGEIF('Launch Catalog'!D5:D34, A11, 'Launch Catalog'!J5:J34), 0) -> 0.70833333
A12: Sticker | B12: =COUNTIF('Launch Catalog'!D5:D34, A12) -> 0 | C12: =IFERROR(AVERAGEIF('Launch Catalog'!D5:D34, A12, 'Launch Catalog'!G5:G34), 0) -> 0 | D12: =IFERROR(AVERAGEIF('Launch Catalog'!D5:D34, A12, 'Launch Catalog'!J5:J34), 0) -> 0
A15: SKUs by Game
A16: Game | B16: SKUs | C16: Avg retail | D16: Total margin $
A17: Baldur's Gate 3 | B17: =COUNTIF('Launch Catalog'!B5:B34, A17) -> 4 | C17: =IFERROR(AVERAGEIF('Launch Catalog'!B5:B34, A17, 'Launch Catalog'!G5:G34), 0) -> 32.5 | D17: =SUMIF('Launch Catalog'!B5:B34, A17, 'Launch Catalog'!I5:I34) -> 90
A18: Black Myth: Wukong | B18: =COUNTIF('Launch Catalog'!B5:B34, A18) -> 2 | C18: =IFERROR(AVERAGEIF('Launch Catalog'!B5:B34, A18, 'Launch Catalog'!G5:G34), 0) -> 42 | D18: =SUMIF('Launch Catalog'!B5:B34, A18, 'Launch Catalog'!I5:I34) -> 56
A19: Elden Ring / SOTE | B19: =COUNTIF('Launch Catalog'!B5:B34, A19) -> 5 | C19: =IFERROR(AVERAGEIF('Launch Catalog'!B5:B34, A19, 'Launch Catalog'!G5:G34), 0) -> 43.2 | D19: =SUMIF('Launch Catalog'!B5:B34, A19, 'Launch Catalog'!I5:I34) -> 145
A20: Final Fantasy VII Rebirth | B20: =COUNTIF('Launch Catalog'!B5:B34, A20) -> 2 | C20: =IFERROR(AVERAGEIF('Launch Catalog'!B5:B34, A20, 'Launch Catalog'!G5:G34), 0) -> 33 | D20: =SUMIF('Launch Catalog'!B5:B34, A20, 'Launch Catalog'!I5:I34) -> 45
A21: Hades II | B21: =COUNTIF('Launch Catalog'!B5:B34, A21) -> 4 | C21: =IFERROR(AVERAGEIF('Launch Catalog'!B5:B34, A21, 'Launch Catalog'!G5:G34), 0) -> 44 | D21: =SUMIF('Launch Catalog'!B5:B34, A21, 'Launch Catalog'!I5:I34) -> 117
A22: Helldivers 2 | B22: =COUNTIF('Launch Catalog'!B5:B34, A22) -> 2 | C22: =IFERROR(AVERAGEIF('Launch Catalog'!B5:B34, A22, 'Launch Catalog'!G5:G34), 0) -> 40 | D22: =SUMIF('Launch Catalog'!B5:B34, A22, 'Launch Catalog'!I5:I34) -> 53
A23: Metaphor: ReFantazio | B23: =COUNTIF('Launch Catalog'!B5:B34, A23) -> 1 | C23: =IFERROR(AVERAGEIF('Launch Catalog'!B5:B34, A23, 'Launch Catalog'!G5:G34), 0) -> 40 | D23: =SUMIF('Launch Catalog'!B5:B34, A23, 'Launch Catalog'!I5:I34) -> 28
A24: Monster Hunter Wilds | B24: =COUNTIF('Launch Catalog'!B5:B34, A24) -> 1 | C24: =IFERROR(AVERAGEIF('Launch Catalog'!B5:B34, A24, 'Launch Catalog'!G5:G34), 0) -> 44 | D24: =SUMIF('Launch Catalog'!B5:B34, A24, 'Launch Catalog'!I5:I34) -> 28
A25: Mortal Kombat (Classic) | B25: =COUNTIF('Launch Catalog'!B5:B34, A25) -> 1 | C25: =IFERROR(AVERAGEIF('Launch Catalog'!B5:B34, A25, 'Launch Catalog'!G5:G34), 0) -> 46 | D25: =SUMIF('Launch Catalog'!B5:B34, A25, 'Launch Catalog'!I5:I34) -> 33
A26: Mortal Kombat 1 | B26: =COUNTIF('Launch Catalog'!B5:B34, A26) -> 1 | C26: =IFERROR(AVERAGEIF('Launch Catalog'!B5:B34, A26, 'Launch Catalog'!G5:G34), 0) -> 44 | D26: =SUMIF('Launch Catalog'!B5:B34, A26, 'Launch Catalog'!I5:I34) -> 28
A27: Street Fighter (Classic) | B27: =COUNTIF('Launch Catalog'!B5:B34, A27) -> 2 | C27: =IFERROR(AVERAGEIF('Launch Catalog'!B5:B34, A27, 'Launch Catalog'!G5:G34), 0) -> 41 | D27: =SUMIF('Launch Catalog'!B5:B34, A27, 'Launch Catalog'!I5:I34) -> 55
A28: Street Fighter 6 | B28: =COUNTIF('Launch Catalog'!B5:B34, A28) -> 2 | C28: =IFERROR(AVERAGEIF('Launch Catalog'!B5:B34, A28, 'Launch Catalog'!G5:G34), 0) -> 61 | D28: =SUMIF('Launch Catalog'!B5:B34, A28, 'Launch Catalog'!I5:I34) -> 78
A29: Zelda (Classic) | B29: =COUNTIF('Launch Catalog'!B5:B34, A29) -> 1 | C29: =IFERROR(AVERAGEIF('Launch Catalog'!B5:B34, A29, 'Launch Catalog'!G5:G34), 0) -> 42 | D29: =SUMIF('Launch Catalog'!B5:B34, A29, 'Launch Catalog'!I5:I34) -> 27
A30: Zelda: TOTK | B30: =COUNTIF('Launch Catalog'!B5:B34, A30) -> 2 | C30: =IFERROR(AVERAGEIF('Launch Catalog'!B5:B34, A30, 'Launch Catalog'!G5:G34), 0) -> 41 | D30: =SUMIF('Launch Catalog'!B5:B34, A30, 'Launch Catalog'!I5:I34) -> 55
A33: Key Metrics
A34: Metric | B34: Value
A35: Total SKUs at launch | B35: =COUNTA('Launch Catalog'!A5:A34) -> 30
A36: Games covered | B36: =SUMPRODUCT(1/COUNTIF('Launch Catalog'!B5:B34, 'Launch Catalog'!B5:B34)) -> 14
A37: Average retail price | B37: =AVERAGE('Launch Catalog'!G5:G34) -> 41.8
A38: Average contribution margin % | B38: =AVERAGE('Launch Catalog'!J5:J34) -> 0.68018478
A39: Total margin at 1 unit/SKU | B39: =SUM('Launch Catalog'!I5:I34) -> 838
A40: Total margin at 50 units/SKU (optimistic) | B40: =SUM('Launch Catalog'!I5:I34)*50 -> 41900

Sheet Drop Calendar
A1: CRIT GOODS — 6-WEEK DROP CALENDAR
A2: Launch drops biweekly. Each drop pairs a hero piece with a lighter-commit accessory.
A4: Drop # | B4: Week | C4: Theme | D4: Hero SKUs | E4: Notes
A5: Drop 01 | B5: Week 1 — May 14 | C5: The Bosses | D5: CG-HD2-001 (Mel's List Tee), CG-ERN-001 (Tarnished Tee), CG-BG3-001 (Company Tee) | E5: Launch week. Press, influencer seeds, homepage hero rotates.
A6: Drop 02 | B6: Week 3 — May 28 | C6: Maps & Atlases | D6: CG-HD2-002 (Underworld Atlas), CG-ERN-002 (Lands Between Cartography), CG-ZLD-002 (Hyrule Reworked) | E6: Poster-forward drop. Partner with map/art communities.
A7: Drop 03 | B7: Week 5 — June 11 | C7: Classics Week | D7: CG-ZLD-003 (Triforce Type), CG-SFC-001 (Perfect), CG-MKC-001 (Kombatant Roster) | E7: Nostalgia hit. Drive older millennial / Gen X buyers.
A8: Drop 04 | B8: Week 7 — June 25 | C8: Heavyweight (Outerwear) | D8: CG-HD2-004 (Moonstone Heavy Hoodie), CG-ERN-004 (Malenia Hoodie), CG-SF6-002 (Drive Impact Hoodie) | E8: Shift into cooler-weather pieces and collector fits.
A9: Drop 05 | B9: Week 9 — July 9 | C9: Fan Favorites | D9: CG-FF7-001 (Gold Saucer Tee), CG-FF7-002 (Buster Sword Pin), CG-BMW-002 (Legend of the Ape Tee) | E9: Narrative-led drop. Lean on commissioned cover art.
A10: Drop 06 | B10: Week 11 — July 23 | C10: Wildcards | D10: CG-HD2D-001 (For Super Earth), CG-MHW-001 (Hunter's Field Journal), CG-MTR-001 (Royal Tournament Poster) | E10: Round out launch catalog. Review what sold, plan fall.
